insert into ss_log_user_m_view values
("90014842", "3412000"),
("XXXXXXXX", "XXXXXXX");

insert into ss_log_office_m_view values
("3412000", "Siliguri Town Division", null),
("3412100", "Siliguri 33/11kV Substation", "3412000"),
("3412200", "Rabindranagar 33/11kV Substation", "3412000"),
("3412300", "Housing Board 33/11kV Substation", "3412000"),
("XXXXXXX", "Dummy Office", "3412000");

insert into ss_log_ss_m_view values
("3412100", "8900795060"),
("3412200", "8900795055"),
("3412300", "8900795064"),
("XXXXXXX", "XXXXXXXXXX");

insert into ss_log_feeder_m_view values
--("392A", "Siliguri Ckt 2", "WEB18104", "3412100", 33, "INCOMING_33kV", null,null,null,true,true),
--("392B", "Siliguri Ckt 1", "WEB18105", "3412100", 33, "INCOMING_33kV",null,null,null,true,false),
--("392C", "Gangadhar 33kV", "WEB18310", "3412100", 33, "INCOMING_33kV",null,null,null,true,false),
--("392X", "PTR1", null, "3412100", 33, "PTR_BAY",null,null,"392A",true,true),
--("392W", "PTR2", null, "3412100", 33, "PTR_BAY",null,null,"392A",true,true),
--("392Y", "PTR3", null, "3412100", 33, "PTR_BAY",null,null,"392A",true,true),
--("392Z", "PTR4", null, "3412100", 33, "PTR_BAY",null,null,"392A",true,true),
--("392D", "Incomer 1", "WEB19558", "3412100", 11, "INCOMING_11kV",null,"392X","392A",true,true),
--("392E", "Incomer 2", "WEB19559", "3412100", 11, "INCOMING_11kV",null,"392W","392A",true,true),
--("392F", "Incomer 3", "WEB19560", "3412100", 11, "INCOMING_11kV",null,"392Y","392A",true,true),
--("392G", "Incomer 4", "WEB19561", "3412100", 11, "INCOMING_11kV",null,"392Z","392A",true,true),
--("3921", "Feeder No 1", "WEB18163","3412100", 11, "OUTGOING_11kV","392D","392X","392A",true,true),
--("3922", "Feeder No 2", "WEB18100", "3412100", 11, "OUTGOING_11kV","392D","392X","392A",true,true),
--("3923", "Feeder No 3", "WEB19140", "3412100", 11, "OUTGOING_11kV","392E","392W","392A",true,true),
--("3924", "North City", "WEB19304", "3412100", 11, "OUTGOING_11kV","392F","392Y","392A",true,true),
--("3925", "Colony", "WEB19305", "3412100", 11, "OUTGOING_11kV","392G","392Z","392A",true,true),
--("381A", "Siliguri Rabindranagar", "WEB11200","3412200", "33", "INCOMING_33kV", null,null,null,true,true),
--("381B", "NJP Rabindranagar", "WEB11201","3412200", "33", "INCOMING_33kV", null,null,null,true,true),
--("381C", "Siliguri Deshbandhupara Tap", "WEB11202","3412200", "33", "INCOMING_33kV", null,null,null,true,false),
--("381X", "PTR1", null, "3412200", 33, "PTR_BAY",null,null,"381B",true,true),
--("381W", "PTR2", null, "3412200", 33, "PTR_BAY",null,null,"381B",true,true),
--("381Y", "PTR3", null, "3412200", 33, "PTR_BAY",null,null,"381A",true,true),
--("381Z", "PTR4", null, "3412200", 33, "PTR_BAY",null,null,"381A",true,true),
--("381D", "Incomer 1", "WEB11203", "3412200", 11, "INCOMING_11kV",null,"381X","381B",true,true),
--("381E", "Incomer 2", "WEB11204", "3412200", 11, "INCOMING_11kV",null,"381W","381B",true,true),
--("381F", "Incomer 3", "WEB11205", "3412200", 11, "INCOMING_11kV",null,"381Y","381A",true,true),
--("381G", "Incomer 4", "WEB11206", "3412200", 11, "INCOMING_11kV",null,"381Z","381A",true,true),
--("3811", "Adarshapally", "WFSB0774", "3412200", 11, "OUTGOING_11kV", "381D","381X","381B",true,true),
--("3812", "Baneswar", "WFSB0797", "3412200", 11, "OUTGOING_11kV", "381D","381X","381B",true,true),
--("3813", "Rathkhola", "WFSB0775", "3412200", 11, "OUTGOING_11kV", "381D","381X","381B",true,true),
--("3814", "Fafri", "WFSB0710", "3412200", 11, "OUTGOING_11kV", "381E","381W","381B",true,true),
--("3815", "Hospital", "WFSB0706", "3412200", 11, "OUTGOING_11kV", "381E","381W","381B",true,true),
--("3816", "Subhaspally", "WFSB0674", "3412200", 11, "OUTGOING_11kV", "381E","381W","381B",true,true),
--("3817", "Hatiayadanga", "WFSB0673", "3412200", 11, "OUTGOING_11kV", "381F","381Y","381A",true,true),
--("3818", "Pakurtala", "WFSB0795", "3412200", 11, "OUTGOING_11kV", "381F","381Y","381A",true,true),
--("381M", "Hyderpara", "WFSB0746", "3412200", 11, "OUTGOING_11kV", "381G","381Z","381A",true,true),
--("381N", "Sanghati", "WFSB0750", "3412200", 11, "OUTGOING_11kV", "381G","381Z","381A",true,true),
--("381O", "Santinagar", "WFSB0749", "3412200", 11, "OUTGOING_11kV", "381G","381Z","381A",true,true),
--("381P", "Vivekananda Pally", "WFSB0748", "3412200", 11, "OUTGOING_11kV", "381G","381Z","381A",true,true),
--("381Q", "VIP Road", "WFSB4376", "3412200", 11, "OUTGOING_11kV", "381G","381Z","381A",true,true),
("4595TA1", "Siliguri Main", "3412300", 33, "INCOMING_33kV",null,null,null,true,true,400,300),
("3928TA", "Siliguri Ckt 1", "3412300", 33, "INCOMING_33kV",null,null,null,true,false,400,300),
("4595TA2", "MES 33kV Bulk", "3412300", 33, "OUTGOING_33kV",null,null,"4595TA1",true,true,200,300),
("387B", "Tirupati Plaza", "3412300", 33, "OUTGOING_33kV",null,null,"4595TA1",true,true,200,300),
("387TR1", "PTR 1", "3412300", 33, "PTR_BAY",null,null,"4595TA1",true,true,200,100),
("387TR2", "PTR 2", "3412300", 33, "PTR_BAY",null,null,"4595TA1",true,true,200,100),
("387TR3", "PTR 3", "3412300", 33, "PTR_BAY",null,null,"4595TA1",true,true,200,100),
("387T1", "Incomer 1", "3412300", 11, "INCOMING_11kV",null,"387TR1","4595TA1",true,true,400,100),
("387T2", "Incomer 2", "3412300", 11, "INCOMING_11kV",null,"387TR2","4595TA1",true,true,600,100),
("387T3", "Incomer 3", "3412300", 11, "INCOMING_11kV",null,"387TR3","4595TA1",true,true,600,100),
("3874", "Sevoke", "3412300", 11, "OUTGOING_11kV", "387T1","387TR1","4595TA1",true,true,200,100),
("3872", "Kalchakra", "3412300", 11, "OUTGOING_11kV", "387T1","387TR1","4595TA1",true,true,200,100),
("3875", "BSF", "3412300", 11, "OUTGOING_11kV", "387T1","387TR1","4595TA1",true,true,200,100),
("3873", "Circuit House", "3412300", 11, "OUTGOING_11kV", "387T2","387TR2","4595TA1",true,true,400,100),
("3876", "Housing", "3412300", 11, "OUTGOING_11kV", "387T2","387TR2","4595TA1",true,true,200,100),
("387E", "Reliance", "3412300", 11, "OUTGOING_11kV", "387T2","387TR2","4595TA1",true,true,400,100),
("387C", "Deukata", "3412300", 11, "OUTGOING_11kV", "387T3","387TR3","4595TA1",true,true,200,100),
("387A", "Roy Colony", "3412300", 11, "OUTGOING_11kV", "387T3","387TR3","4595TA1",true,true,200,100),
("3879", "Bhanunagar", "3412300", 11, "OUTGOING_11kV", "387T3","387TR3","4595TA1",true,true,400,100),
("387D", "Radio Centre", "3412300", 11, "OUTGOING_11kV", "387T3","387TR3","4595TA1",true,true,200,100),
("3871", "Salugara", "3412300", 11, "OUTGOING_11kV", "387T3","387TR3","4595TA1",true,true,400,100);

insert into substation_incoming_source_mapping values
--("3412100", "392A"),
--("3412100", "392B"),
--("3412100", "392C"),
--("3412200", "381A"),
--("3412200", "381B"),
--("3412200", "381C"),
("3412300", "4595TA1"),
("3412300", "3928TA");


insert into feeder_loading_history values
--(1, "392A", "2023-08-12", "09:50:00", null, null),
--(2, "381A", "2023-08-12", "09:50:00", null, null),
--(3, "381B", "2023-08-12", "09:50:00", null, null),
(1, "4595TA1", "2023-08-12", "09:50:00", null, null);


insert into ss_log_energy_meter_master values
("FWSA0118", 400, 300, "MWH"),
("WBE03149", 1,1,"WH"),
("WH1B0115", 100, 300, "MWH"),
("WFSB0770", 1, 100, "KWH"),
("WFSB0714", 1,100, "KWH"),
("WFSB0754", 1,100,"KWH"),
("WFSB0715", 1,100,"KWH"),
("WFSB0713",1,100,"KWH"),
("WEB19261",1,1, "WH"),
("WFSB0732",1,100,"KWH"),
("WFSB0712",1,100,"KWH"),
("WFGB2227",1,100,"KWH"),
("WFGB1881",1,100,"KWH"),
("GWF00785",1,100,"KWH"),
("WFSB0711",1,100,"KWH"),
("WFSB0755",1,100,"KWH"),
("WBE00634",1,1,"WH"),
("WFLA0950",1,300,"KWH"),
("WFLA0951",1,300,"KWH"),
("WFLA0943",1,300,"KWH");


insert into ss_log_energy_meter_feeder_association values
 ("4215d0c3-a31d-40c8-8357-be3ba4755aaa","FWSA0118","4595TA1","2023-01-01","00:00",null,null),
 ("3c0c1531-267c-4531-9b4f-5de4331c9681","WBE03149","3928TA","2023-01-01","00:00",null,null),
 ("55b7ba0d-5225-4c67-a17c-a2acf10e0689","WH1B0115","387B","2023-01-01","00:00",null,null),
 ("b7b450d5-0d89-4100-9b75-a5bb2a8eb7e5","WFSB0770","3879","2023-01-01","00:00",null,null),
 ("25c6917c-d44f-4c45-b780-1fcffe7250a6","WFSB0714","3875","2023-01-01","00:00",null,null),
 ("09267166-86ef-4935-a2bc-4f32868911d1","WFSB0754","3873","2023-01-01","00:00",null,null),
 ("b746f835-458b-4443-adda-5c4e765bb78f","WFSB0715","3876","2023-01-01","00:00",null,null),
 ("7c51a307-110c-4f59-b037-087faa74feea","WFSB0713","3872","2023-01-01","00:00",null,null),
 ("a6a4e94b-bbca-4fa9-8f7c-df048c6b1ead","WEB19261","387A","2023-01-01","00:00",null,null),
("4c97ad9f-3b68-4fa6-9a6c-f379c34be566","WFSB0732","3871","2023-01-01","00:00",null,null),
("afccc713-aad6-4f3f-8bce-2a558766d272","WFSB0712","3874","2023-01-01","00:00",null,null),
("330b0a06-76e8-4f35-965f-191ce283948d","WFGB2227","387C","2023-01-01","00:00",null,null),
("65c9ff02-e946-4173-ba88-fbe3462a17ee","WFGB1881","387D","2023-01-01","00:00",null,null),
("16e1a4cc-bb01-4c31-848f-99d4edf3b470","GWF00785","387E","2023-01-01","00:00",null,null),
("dd8067ba-8349-44a5-a45e-d9fefdd29007","WFSB0711","387T1","2023-01-01","00:00",null,null),
("51645de0-a76c-40d4-879b-d5e93b228124","WFSB0755","387T2","2023-01-01","00:00",null,null),
("04758d04-a780-4c93-a0b2-c72f4a58efc3","WBE00634","387T3","2023-01-01","00:00",null,null),
("754eeafa-fc6f-4d23-8aaf-35c262ddd9b7","WFLA0950","387TR1","2023-01-01","00:00",null,null),
("5dfa3e64-2d54-4a51-8688-309efe271f38","WFLA0951","387TR2","2023-01-01","00:00",null,null),
("856e0337-a8fe-49ae-85db-eba86f154662","WFLA0943","387TR3","2023-01-01","00:00",null,null);

